{
    "slippers": 82.54471544715447,
    "tango": 48.54117647058823,
    "magic_stick": 272.9011764705882,
    "circlet": 188.71124031007753,
    "wraith_band": 234.94017094017093,
    "boots": 402.4983766233766,
    "clarity": 867.9619335347433,
    "gloves": 552.6954545454546,
    "belt_of_strength": 949.9405204460967,
    "flask": 282.74246987951807,
    "power_treads": 626.2802197802198,
    "javelin": 1344.672131147541,
    "mithril_hammer": 1547.1866666666667,
    "maelstrom": 1263.3947368421052,
    "blade_of_alacrity": 1315.0798122065728,
    "boots_of_elves": 1210.394495412844,
    "yasha": 1291.8307692307692,
    "ultimate_orb": 1692.4235294117648,
    "manta": 1445.107142857143,
    "broadsword": 1282.467889908257,
    "blades_of_attack": 786.6993865030674,
    "lesser_crit": 1870.608695652174,
    "demon_edge": 2138.2571428571428,
    "greater_crit": 2239.777777777778,
    "orb_of_venom": 8.690909090909091,
    "quelling_blade": -6.620535714285714,
    "branches": 169.78285714285715,
    "magic_wand": 493.4431818181818,
    "chainmail": 861.1244979919679,
    "phase_boots": 643.8582677165355,
    "infused_raindrop": 598.433734939759,
    "quarterstaff": 1293.2,
    "sobi_mask": 817.1634615384615,
    "oblivion_staff": 1135.2173913043478,
    "robe": 1182.4970414201184,
    "ogre_axe": 1544.3027210884354,
    "echo_sabre": 1008.1111111111111,
    "desolator": 1458.5135135135135,
    "blight_stone": 764.8023255813954,
    "tpscroll": 1333.658414290191,
    "basher": 1838.195652173913,
    "hyperstone": 1775.340425531915,
    "moon_shard": 1931.8333333333333,
    "enchanted_mango": 415.92840375586854,
    "wind_lace": 685.3377926421405,
    "ward_observer": 1043.522693266833,
    "faerie_fire": 2.1476190476190475,
    "tome_of_knowledge": 1335.5171428571427,
    "ring_of_regen": 911.5581395348837,
    "tranquil_boots": 746.7751937984497,
    "smoke_of_deceit": 1352.4712328767123,
    "ward_sentry": 1298.555419222904,
    "staff_of_wizardry": 1515.079734219269,
    "meteor_hammer": 1776.75,
    "crown": 1113.7037037037037,
    "mantle": 109.09009009009009,
    "null_talisman": 275.43636363636364,
    "bottle": 244.81428571428572,
    "blade_mail": 1310.0701754385964,
    "point_booster": 1553.5714285714287,
    "ultimate_scepter": 1742.9012345679012,
    "platemail": 1916.3859649122808,
    "mystic_staff": 2320.7,
    "shivas_guard": 2280.4285714285716,
    "ring_of_basilius": 628.3382352941177,
    "void_stone": 1460.2637362637363,
    "energy_booster": 1182.0363636363636,
    "aether_lens": 1367.7659574468084,
    "tango_single": -88.84126984126983,
    "ring_of_protection": 617.4897959183673,
    "urn_of_shadows": 715.6415094339623,
    "headdress": 654.6218487394958,
    "dust": 1299.7694235588972,
    "helm_of_the_dominator": 791.9,
    "cloak": 1343.3963963963963,
    "shadow_amulet": 1527.5405405405406,
    "glimmer_cape": 1703.62,
    "ghost": 1777.1153846153845,
    "blink": 1296.1065573770493,
    "cyclone": 1490.8028169014085,
    "medallion_of_courage": 1080.2272727272727,
    "solar_crest": 1714.142857142857,
    "arcane_boots": 905.2521008403361,
    "lifesteal": 1272.2112676056338,
    "eagle": 1697.3846153846155,
    "ethereal_blade": 1465.1818181818182,
    "pers": 1699.3529411764705,
    "ring_of_health": 1479.953642384106,
    "sphere": 1872.3636363636363,
    "force_staff": 1734.2962962962963,
    "mekansm": 1433.75,
    "guardian_greaves": 1774.5217391304348,
    "buckler": 1072.4328358208954,
    "vladmir": 1540.1538461538462,
    "hand_of_midas": 840.3333333333334,
    "vitality_booster": 1642.0254237288136,
    "spirit_vessel": 1315.5588235294117,
    "dragon_lance": 1408,
    "mjollnir": 1580.2,
    "hurricane_pike": 2049.153846153846,
    "sange": 1476.675,
    "sange_and_yasha": 1471.3,
    "black_king_bar": 1825.232142857143,
    "monkey_king_bar": 2121.1111111111113,
    "talisman_of_evasion": 1757.5172413793102,
    "butterfly": 1966.8461538461538,
    "veil_of_discord": 1382.5,
    "orchid": 1221.235294117647,
    "bloodthorn": 2509,
    "gauntlets": 276.8544600938967,
    "soul_ring": 354.64814814814815,
    "vanguard": 1674.132075471698,
    "hood_of_defiance": 1318.6739130434783,
    "pipe": 1540.7142857142858,
    "helm_of_iron_will": 1605.1923076923076,
    "crimson_guard": 1858.8181818181818,
    "ring_of_tarrasque": 1552.9285714285713,
    "diffusal_blade": 1127.6896551724137,
    "skadi": 1777.5,
    "kaya": 1604.6,
    "bracer": 430.7029702970297,
    "assault": 1938.2,
    "dagon": 1762,
    "dagon_2": 1875.75,
    "dagon_3": 2006.25,
    "dagon_4": 2111.75,
    "dagon_5": 2368.6666666666665,
    "invis_sword": 1324,
    "claymore": 1632.175,
    "heavens_halberd": 1609.25,
    "armlet": 1027.6666666666667,
    "gem": 2203.714285714286,
    "ancient_janggo": 1027.3333333333333,
    "abyssal_blade": 2180.5333333333333,
    "rod_of_atos": 1672.625,
    "bfury": 1274.0588235294117,
    "relic": 1675.8076923076924,
    "radiance": 1142.0666666666666,
    "travel_boots": 1989.7666666666667,
    "yasha_and_kaya": 1914.857142857143,
    "reaver": 2079.206896551724,
    "refresher": 2306,
    "travel_boots_2": 2989.6666666666665,
    "ultimate_scepter_2": 2977.6,
    "necronomicon": 749.3333333333334,
    "necronomicon_2": 1102.25,
    "necronomicon_3": 1255.7142857142858,
    "mask_of_madness": 919.6315789473684,
    "silver_edge": 1705.8333333333333,
    "satanic": 2139.1052631578946,
    "heart": 2116.75,
    "rapier": 2462.5714285714284,
    "aeon_disk": 2464.5,
    "lotus_orb": 2062.1428571428573,
    "soul_booster": 2163.1,
    "octarine_core": 2753,
    "bloodstone": 1966.142857142857,
    "sheepstick": 2236.6363636363635,
    "holy_locket": 1911,
    "kaya_and_sange": 2022.5,
    "nullifier": 2679.3333333333335
}